trial,testing,parameters,initial_deadline,final_deadline,net_reward,actions,success
1,False,"{'a': 0.10500000000000001, 'e': 0.9989505510571132}",30,0,24.533856724482447,"{0: 30, 1: 0, 2: 0, 3: 0, 4: 0}",0
2,False,"{'a': 0.11000000000000001, 'e': 0.997802418226309}",25,0,-69.9290983728557,"{0: 19, 1: 0, 2: 3, 3: 3, 4: 0}",0
3,False,"{'a': 0.11500000000000002, 'e': 0.9965559444119613}",20,0,-6.681629148101322,"{0: 19, 1: 0, 2: 0, 3: 1, 4: 0}",0
4,False,"{'a': 0.12000000000000002, 'e': 0.9952115015900972}",35,0,-176.7752883077725,"{0: 24, 1: 1, 2: 6, 3: 1, 4: 3}",0
5,False,"{'a': 0.12500000000000003, 'e': 0.9937694906233947}",20,0,-57.92282255866706,"{0: 15, 1: 0, 2: 4, 3: 0, 4: 1}",0
6,False,"{'a': 0.13000000000000003, 'e': 0.9922303410619892}",20,0,-79.90396623345772,"{0: 16, 1: 0, 2: 2, 3: 0, 4: 2}",0
7,False,"{'a': 0.13500000000000004, 'e': 0.9905945109302244}",25,0,-42.45642784088407,"{0: 23, 1: 0, 2: 0, 3: 1, 4: 1}",0
8,False,"{'a': 0.14000000000000004, 'e': 0.9888624864995005}",20,0,-137.80243416540296,"{0: 11, 1: 0, 2: 7, 3: 0, 4: 2}",0
9,False,"{'a': 0.14500000000000005, 'e': 0.9870347820473712}",30,0,-62.33468425662388,"{0: 24, 1: 0, 2: 5, 3: 0, 4: 1}",0
10,False,"{'a': 0.15000000000000005, 'e': 0.9851119396030626}",20,0,-23.92174632623645,"{0: 17, 1: 0, 2: 2, 3: 1, 4: 0}",0
11,False,"{'a': 0.15500000000000005, 'e': 0.983094528679587}",20,0,-55.84130866865983,"{0: 14, 1: 0, 2: 5, 3: 1, 4: 0}",0
12,False,"{'a': 0.16000000000000006, 'e': 0.9809831459926365}",20,0,-176.93431054780643,"{0: 11, 1: 0, 2: 5, 3: 1, 4: 3}",0
13,False,"{'a': 0.16500000000000006, 'e': 0.9787784151664533}",25,0,-42.725729797037616,"{0: 21, 1: 0, 2: 3, 3: 0, 4: 1}",0
14,False,"{'a': 0.17000000000000007, 'e': 0.9764809864268769}",20,0,-101.25611910804308,"{0: 11, 1: 0, 2: 8, 3: 0, 4: 1}",0
15,False,"{'a': 0.17500000000000007, 'e': 0.9740915362817815}",25,0,-174.06896966681026,"{0: 13, 1: 0, 2: 9, 3: 1, 4: 2}",0
16,False,"{'a': 0.18000000000000008, 'e': 0.9716107671891228}",20,0,-147.45781168377246,"{0: 14, 1: 0, 2: 2, 3: 1, 4: 3}",0
17,False,"{'a': 0.18500000000000008, 'e': 0.9690394072128212}",20,0,-138.20155691364667,"{0: 11, 1: 0, 2: 7, 3: 0, 4: 2}",0
18,False,"{'a': 0.19000000000000009, 'e': 0.9663782096667205}",30,0,-71.65919906020616,"{0: 24, 1: 0, 2: 4, 3: 1, 4: 1}",0
19,False,"{'a': 0.1950000000000001, 'e': 0.9636279527468611}",25,0,-90.9882244849848,"{0: 17, 1: 0, 2: 7, 3: 0, 4: 1}",0
20,False,"{'a': 0.2000000000000001, 'e': 0.9607894391523232}",20,0,-114.19177734399547,"{0: 13, 1: 0, 2: 5, 3: 0, 4: 2}",0
21,False,"{'a': 0.2050000000000001, 'e': 0.9578634956948966}",30,0,-234.26954125973072,"{0: 18, 1: 0, 2: 7, 3: 1, 4: 4}",0
22,False,"{'a': 0.2100000000000001, 'e': 0.9548509728978424}",25,0,-40.0436394081203,"{0: 19, 1: 0, 2: 6, 3: 0, 4: 0}",0
23,False,"{'a': 0.2150000000000001, 'e': 0.9517527445840203}",20,0,9.439586475824559,"{0: 19, 1: 0, 2: 1, 3: 0, 4: 0}",0
24,False,"{'a': 0.2200000000000001, 'e': 0.9485697074536594}",20,0,-81.84442626031974,"{0: 16, 1: 0, 2: 2, 3: 0, 4: 2}",0
25,False,"{'a': 0.22500000000000012, 'e': 0.9453027806520594}",25,0,-28.457635293547387,"{0: 21, 1: 0, 2: 3, 3: 1, 4: 0}",0
26,False,"{'a': 0.23000000000000012, 'e': 0.941952905327512}",25,0,-128.88464924434854,"{0: 14, 1: 0, 2: 9, 3: 1, 4: 1}",0
27,False,"{'a': 0.23500000000000013, 'e': 0.9385210441797412}",25,0,-72.90242537408504,"{0: 18, 1: 0, 2: 6, 3: 0, 4: 1}",0
28,False,"{'a': 0.24000000000000013, 'e': 0.9350081809991664}",25,0,-69.57513147672242,"{0: 17, 1: 0, 2: 7, 3: 1, 4: 0}",0
29,False,"{'a': 0.24500000000000013, 'e': 0.9314153201972937}",25,0,-248.44980807105733,"{0: 10, 1: 0, 2: 10, 3: 2, 4: 3}",0
30,False,"{'a': 0.2500000000000001, 'e': 0.9277434863285529}",20,0,-88.72327192700263,"{0: 13, 1: 0, 2: 6, 3: 0, 4: 1}",0
31,False,"{'a': 0.2550000000000001, 'e': 0.9239937236038952}",20,0,-30.607453020454706,"{0: 15, 1: 0, 2: 5, 3: 0, 4: 0}",0
32,False,"{'a': 0.2600000000000001, 'e': 0.9201670953964766}",25,0,-42.45306546325996,"{0: 19, 1: 0, 2: 6, 3: 0, 4: 0}",0
33,False,"{'a': 0.2650000000000001, 'e': 0.9162646837397528}",20,0,-94.73703185830057,"{0: 15, 1: 0, 2: 3, 3: 0, 4: 2}",0
34,False,"{'a': 0.27000000000000013, 'e': 0.9122875888183186}",25,0,-109.08112641673746,"{0: 18, 1: 0, 2: 5, 3: 0, 4: 2}",0
35,False,"{'a': 0.27500000000000013, 'e': 0.9082369284518238}",20,0,3.2945841461193677,"{0: 19, 1: 0, 2: 0, 3: 1, 4: 0}",0
36,False,"{'a': 0.28000000000000014, 'e': 0.9041138375723072}",20,0,-58.86343327341239,"{0: 15, 1: 0, 2: 4, 3: 0, 4: 1}",0
37,False,"{'a': 0.28500000000000014, 'e': 0.8999194676952875}",20,0,-19.206500132960702,"{0: 16, 1: 0, 2: 4, 3: 0, 4: 0}",0
38,False,"{'a': 0.29000000000000015, 'e': 0.8956549863849572}",20,0,-71.62315128763142,"{0: 12, 1: 0, 2: 8, 3: 0, 4: 0}",0
39,False,"{'a': 0.29500000000000015, 'e': 0.8913215767138251}",20,0,-177.06310153599532,"{0: 11, 1: 0, 2: 5, 3: 1, 4: 3}",0
40,False,"{'a': 0.30000000000000016, 'e': 0.8869204367171575}",20,0,-30.394253223169223,"{0: 15, 1: 0, 2: 5, 3: 0, 4: 0}",0
41,False,"{'a': 0.30500000000000016, 'e': 0.8824527788425689}",25,0,-154.77612702939086,"{0: 14, 1: 0, 2: 9, 3: 0, 4: 2}",0
42,False,"{'a': 0.31000000000000016, 'e': 0.877919829395115}",35,0,-203.2045328386743,"{0: 22, 1: 0, 2: 10, 3: 0, 4: 3}",0
43,False,"{'a': 0.31500000000000017, 'e': 0.8733228279782428}",20,0,-130.48759531441164,"{0: 12, 1: 0, 2: 6, 3: 0, 4: 2}",0
44,False,"{'a': 0.3200000000000002, 'e': 0.8686630269309517}",20,0,-151.49524171272512,"{0: 9, 1: 0, 2: 8, 3: 2, 4: 1}",0
45,False,"{'a': 0.3250000000000002, 'e': 0.8639416907615245}",30,0,-76.38264274312579,"{0: 23, 1: 0, 2: 6, 3: 0, 4: 1}",0
46,False,"{'a': 0.3300000000000002, 'e': 0.8591600955781826}",25,0,-130.6770586682612,"{0: 14, 1: 0, 2: 9, 3: 1, 4: 1}",0
47,False,"{'a': 0.3350000000000002, 'e': 0.8543195285170236}",25,0,-178.4875294853627,"{0: 17, 1: 0, 2: 4, 3: 0, 4: 4}",0
48,False,"{'a': 0.3400000000000002, 'e': 0.8494212871675983}",20,0,-103.53270747330471,"{0: 14, 1: 0, 2: 4, 3: 0, 4: 2}",0
49,False,"{'a': 0.3450000000000002, 'e': 0.8444666789964834}",20,0,-100.56790474943546,"{0: 12, 1: 0, 2: 6, 3: 1, 4: 1}",0
50,False,"{'a': 0.3500000000000002, 'e': 0.8394570207692073}",30,0,-144.72516899216058,"{0: 23, 1: 0, 2: 4, 3: 0, 4: 3}",0
51,False,"{'a': 0.3550000000000002, 'e': 0.8343936379708815}",20,0,-105.64880206269015,"{0: 13, 1: 0, 2: 5, 3: 0, 4: 2}",0
52,False,"{'a': 0.3600000000000002, 'e': 0.8292778642258956}",30,0,-77.90469680747881,"{0: 26, 1: 0, 2: 2, 3: 0, 4: 2}",0
53,False,"{'a': 0.3650000000000002, 'e': 0.824111040717025}",20,0,-7.522950409786824,"{0: 17, 1: 0, 2: 3, 3: 0, 4: 0}",0
54,False,"{'a': 0.3700000000000002, 'e': 0.8188945156043042}",35,0,-129.24247776306845,"{0: 29, 1: 0, 2: 2, 3: 1, 4: 3}",0
55,False,"{'a': 0.3750000000000002, 'e': 0.8136296434440143}",30,0,-73.74751216753198,"{0: 24, 1: 0, 2: 4, 3: 1, 4: 1}",0
56,False,"{'a': 0.3800000000000002, 'e': 0.8083177846081319}",30,0,-7.756161300315741,"{0: 26, 1: 0, 2: 4, 3: 0, 4: 0}",0
57,False,"{'a': 0.38500000000000023, 'e': 0.8029603047045821}",20,0,-16.31444957487587,"{0: 18, 1: 0, 2: 1, 3: 1, 4: 0}",0
58,False,"{'a': 0.39000000000000024, 'e': 0.7975585739986395}",20,0,-44.66731980593577,"{0: 15, 1: 0, 2: 4, 3: 1, 4: 0}",0
59,False,"{'a': 0.39500000000000024, 'e': 0.7921139668358131}",35,0,-133.49057463599326,"{0: 25, 1: 0, 2: 7, 3: 1, 4: 2}",0
60,False,"{'a': 0.40000000000000024, 'e': 0.7866278610665532}",30,0,-105.87889163716096,"{0: 20, 1: 0, 2: 9, 3: 0, 4: 1}",0
61,False,"{'a': 0.40500000000000025, 'e': 0.7811016374731093}",20,0,-105.3701130978053,"{0: 14, 1: 0, 2: 4, 3: 0, 4: 2}",0
62,False,"{'a': 0.41000000000000025, 'e': 0.7755366791988684}",20,0,-39.64174289423554,"{0: 17, 1: 0, 2: 2, 3: 0, 4: 1}",0
63,False,"{'a': 0.41500000000000026, 'e': 0.769934371180498}",25,0,-126.19187587145885,"{0: 15, 1: 0, 2: 8, 3: 1, 4: 1}",0
64,False,"{'a': 0.42000000000000026, 'e': 0.7642960995832124}",20,0,-104.45711743762006,"{0: 12, 1: 0, 2: 6, 3: 1, 4: 1}",0
65,False,"{'a': 0.42500000000000027, 'e': 0.7586232512394792}",20,0,-99.04931946656654,"{0: 15, 1: 0, 2: 2, 3: 1, 4: 2}",0
66,False,"{'a': 0.43000000000000027, 'e': 0.752917213091474}",20,0,2.2225969331662765,"{0: 18, 1: 0, 2: 2, 3: 0, 4: 0}",0
67,False,"{'a': 0.4350000000000003, 'e': 0.7471793716375935}",30,0,-82.55831097220553,"{0: 23, 1: 0, 2: 6, 3: 0, 4: 1}",0
68,False,"{'a': 0.4400000000000003, 'e': 0.7414111123833228}",20,0,-89.36048633625379,"{0: 15, 1: 0, 2: 3, 3: 0, 4: 2}",0
69,False,"{'a': 0.4450000000000003, 'e': 0.7356138192967557}",20,0,-39.2267186929683,"{0: 14, 1: 0, 2: 6, 3: 0, 4: 0}",0
70,False,"{'a': 0.4500000000000003, 'e': 0.7297888742690566}",25,0,-159.82408461841405,"{0: 16, 1: 0, 2: 6, 3: 0, 4: 3}",0
71,False,"{'a': 0.4550000000000003, 'e': 0.723937656580149}",20,0,-124.64705594297237,"{0: 12, 1: 0, 2: 6, 3: 0, 4: 2}",0
72,False,"{'a': 0.4600000000000003, 'e': 0.7180615423699078}",20,0,-55.17346349978206,"{0: 13, 1: 0, 2: 7, 3: 0, 4: 0}",0
73,False,"{'a': 0.4650000000000003, 'e': 0.7121619041151298}",30,0,-147.13535456301895,"{0: 17, 1: 0, 2: 12, 3: 0, 4: 1}",0
74,False,"{'a': 0.4700000000000003, 'e': 0.7062401101125462}",20,0,-125.23087050912048,"{0: 12, 1: 0, 2: 6, 3: 0, 4: 2}",0
75,False,"{'a': 0.4750000000000003, 'e': 0.7002975239681388}",20,0,-22.073350949893616,"{0: 16, 1: 0, 2: 4, 3: 0, 4: 0}",0
76,False,"{'a': 0.4800000000000003, 'e': 0.6943355040930129}",25,0,-176.57061351844052,"{0: 17, 1: 0, 2: 4, 3: 0, 4: 4}",0
77,False,"{'a': 0.4850000000000003, 'e': 0.6883554032060727}",25,0,-106.67380438081001,"{0: 18, 1: 0, 2: 5, 3: 0, 4: 2}",0
78,False,"{'a': 0.4900000000000003, 'e': 0.6823585678437399}",20,0,-84.13929613323486,"{0: 13, 1: 0, 2: 6, 3: 0, 4: 1}",0
79,False,"{'a': 0.49500000000000033, 'e': 0.6763463378769482}",25,0,-74.80904390284168,"{0: 18, 1: 0, 2: 6, 3: 0, 4: 1}",0
80,False,"{'a': 0.5000000000000003, 'e': 0.6703200460356391}",20,0,-98.13686104038791,"{0: 13, 1: 0, 2: 5, 3: 1, 4: 1}",0
81,False,"{'a': 0.5050000000000003, 'e': 0.6642810174409794}",25,0,-8.595039585395867,"{0: 21, 1: 0, 2: 4, 3: 0, 4: 0}",0
82,False,"{'a': 0.5100000000000003, 'e': 0.6582305691455088}",20,0,-19.945680569379377,"{0: 19, 1: 0, 2: 0, 3: 0, 4: 1}",0
83,False,"{'a': 0.5150000000000003, 'e': 0.6521700096814242}",35,0,-169.5778524367701,"{0: 21, 1: 0, 2: 11, 3: 2, 4: 1}",0
84,False,"{'a': 0.5200000000000004, 'e': 0.6461006386171964}",20,0,-129.71959184361742,"{0: 14, 1: 0, 2: 3, 3: 0, 4: 3}",0
85,False,"{'a': 0.5250000000000004, 'e': 0.6400237461227073}",25,0,-83.12341574746868,"{0: 18, 1: 0, 2: 6, 3: 0, 4: 1}",0
86,False,"{'a': 0.5300000000000004, 'e': 0.6339406125430904}",20,0,-99.72339339844946,"{0: 15, 1: 0, 2: 3, 3: 0, 4: 2}",0
87,False,"{'a': 0.5350000000000004, 'e': 0.6278525079814459}",25,0,-158.47870761125793,"{0: 12, 1: 0, 2: 11, 3: 1, 4: 1}",0
88,False,"{'a': 0.5400000000000004, 'e': 0.6217606918905988}",20,0,-127.8023948663468,"{0: 12, 1: 0, 2: 6, 3: 0, 4: 2}",0
89,False,"{'a': 0.5450000000000004, 'e': 0.6156664126740554}",20,0,-109.13805353853408,"{0: 12, 1: 0, 2: 6, 3: 1, 4: 1}",0
90,False,"{'a': 0.5500000000000004, 'e': 0.609570907296309}",20,0,-12.325221621529739,"{0: 18, 1: 0, 2: 1, 3: 1, 4: 0}",0
91,False,"{'a': 0.5550000000000004, 'e': 0.6034754009026384}",20,0,-41.5439829977194,"{0: 14, 1: 0, 2: 6, 3: 0, 4: 0}",0
92,False,"{'a': 0.5600000000000004, 'e': 0.5973811064485288}",20,0,-65.15565295102196,"{0: 15, 1: 0, 2: 4, 3: 0, 4: 1}",0
93,False,"{'a': 0.5650000000000004, 'e': 0.5912892243388471}",25,0,-14.825795080470343,"{0: 20, 1: 2, 2: 3, 3: 0, 4: 0}",0
94,False,"{'a': 0.5700000000000004, 'e': 0.5852009420768834}",20,0,-186.29387452906727,"{0: 9, 1: 1, 2: 5, 3: 3, 4: 2}",0
95,False,"{'a': 0.5750000000000004, 'e': 0.5791174339233729}",30,0,-144.1239900393033,"{0: 19, 1: 2, 2: 6, 3: 1, 4: 2}",0
96,False,"{'a': 0.5800000000000004, 'e': 0.5730398605655981}",25,0,-107.0111664321076,"{0: 14, 1: 2, 2: 7, 3: 2, 4: 0}",0
97,False,"{'a': 0.5850000000000004, 'e': 0.5669693687966649}",20,0,-140.72904258331434,"{0: 13, 1: 1, 2: 3, 3: 0, 4: 3}",0
98,False,"{'a': 0.5900000000000004, 'e': 0.5609070912050396}",20,0,-24.22693062514161,"{0: 15, 1: 1, 2: 4, 3: 0, 4: 0}",0
99,False,"{'a': 0.5950000000000004, 'e': 0.5548541458744217}",20,0,-65.2393440931606,"{0: 13, 1: 3, 2: 3, 3: 0, 4: 1}",0
100,False,"{'a': 0.6000000000000004, 'e': 0.5488116360940262}",30,0,-152.3136376494984,"{0: 23, 1: 1, 2: 2, 3: 0, 4: 4}",0
101,False,"{'a': 0.6050000000000004, 'e': 0.5427806500793326}",25,0,-77.07583927609807,"{0: 19, 1: 0, 2: 4, 3: 1, 4: 1}",0
102,False,"{'a': 0.6100000000000004, 'e': 0.5367622607033576}",25,10,-76.66057042018387,"{0: 8, 1: 0, 2: 5, 3: 2, 4: 0}",1
103,False,"{'a': 0.6150000000000004, 'e': 0.5307575252384956}",25,0,-94.45204561516971,"{0: 16, 1: 1, 2: 7, 3: 0, 4: 1}",0
104,False,"{'a': 0.6200000000000004, 'e': 0.5247674851089643}",25,0,-132.52723690148827,"{0: 16, 1: 1, 2: 6, 3: 0, 4: 2}",0
105,False,"{'a': 0.6250000000000004, 'e': 0.5187931656538891}",30,0,-134.02663725554024,"{0: 20, 1: 1, 2: 6, 3: 1, 4: 2}",0
106,False,"{'a': 0.6300000000000004, 'e': 0.5128355759010427}",25,0,-240.34107259185765,"{0: 14, 1: 0, 2: 6, 3: 0, 4: 5}",0
107,False,"{'a': 0.6350000000000005, 'e': 0.5068957083512605}",30,0,-90.02704256611258,"{0: 20, 1: 2, 2: 6, 3: 2, 4: 0}",0
108,False,"{'a': 0.6400000000000005, 'e': 0.5009745387735351}",25,0,-54.32475624795714,"{0: 18, 1: 0, 2: 6, 3: 1, 4: 0}",1
109,False,"{'a': 0.6450000000000005, 'e': 0.49507302601079106}",20,0,-89.16658896658147,"{0: 10, 1: 1, 2: 9, 3: 0, 4: 0}",0
110,False,"{'a': 0.6500000000000005, 'e': 0.48919211179633126}",20,0,-120.04595875185511,"{0: 9, 1: 2, 2: 8, 3: 0, 4: 1}",0
111,False,"{'a': 0.6550000000000005, 'e': 0.48333272058094107}",20,0,-15.209782274375286,"{0: 16, 1: 1, 2: 3, 3: 0, 4: 0}",0
112,False,"{'a': 0.6600000000000005, 'e': 0.47749575937062577}",20,0,-79.61019244003398,"{0: 13, 1: 1, 2: 5, 3: 0, 4: 1}",0
113,False,"{'a': 0.6650000000000005, 'e': 0.47168211757495415}",25,0,11.843676110777173,"{0: 23, 1: 1, 2: 1, 3: 0, 4: 0}",0
114,False,"{'a': 0.6700000000000005, 'e': 0.46589266686596903}",30,0,-151.9944701692142,"{0: 20, 1: 0, 2: 7, 3: 1, 4: 2}",0
115,False,"{'a': 0.6750000000000005, 'e': 0.46012826104762394}",35,0,-208.3012413778054,"{0: 20, 1: 1, 2: 10, 3: 2, 4: 2}",0
116,False,"{'a': 0.6800000000000005, 'e': 0.4543897359356935}",30,0,-137.46446509160546,"{0: 20, 1: 0, 2: 8, 3: 0, 4: 2}",0
117,False,"{'a': 0.6850000000000005, 'e': 0.4486779092481017}",25,0,-114.21471123429056,"{0: 14, 1: 1, 2: 9, 3: 0, 4: 1}",0
118,False,"{'a': 0.6900000000000005, 'e': 0.4429935805056041}",30,0,-111.79406259628354,"{0: 20, 1: 1, 2: 7, 3: 1, 4: 1}",0
119,False,"{'a': 0.6950000000000005, 'e': 0.43733753094275457}",20,0,-32.44153387366873,"{0: 15, 1: 0, 2: 5, 3: 0, 4: 0}",0
120,False,"{'a': 0.7000000000000005, 'e': 0.4317105234290794}",25,0,-17.30168488843265,"{0: 21, 1: 2, 2: 1, 3: 1, 4: 0}",0
121,False,"{'a': 0.7050000000000005, 'e': 0.4261133024003779}",20,0,-144.69280468738097,"{0: 10, 1: 0, 2: 8, 3: 0, 4: 2}",0
122,False,"{'a': 0.7100000000000005, 'e': 0.42054659380005954}",20,0,-68.67164744055164,"{0: 14, 1: 1, 2: 4, 3: 0, 4: 1}",0
123,False,"{'a': 0.7150000000000005, 'e': 0.41501110503042454}",30,0,-137.1424753926687,"{0: 21, 1: 0, 2: 6, 3: 1, 4: 2}",0
124,False,"{'a': 0.7200000000000005, 'e': 0.40950752491378806}",25,0,-158.26376467615054,"{0: 16, 1: 2, 2: 3, 3: 1, 4: 3}",0
125,False,"{'a': 0.7250000000000005, 'e': 0.4040365236633418}",30,18,-1.020160559840571,"{0: 10, 1: 0, 2: 2, 3: 0, 4: 0}",1
126,False,"{'a': 0.7300000000000005, 'e': 0.39859875286364305}",25,0,-181.03919765050844,"{0: 14, 1: 3, 2: 4, 3: 1, 4: 3}",0
127,False,"{'a': 0.7350000000000005, 'e': 0.3931948454606141}",35,5,-71.24116557637909,"{0: 23, 1: 1, 2: 4, 3: 1, 4: 1}",1
128,False,"{'a': 0.7400000000000005, 'e': 0.387825415760933}",25,0,-29.866368171886695,"{0: 20, 1: 0, 2: 4, 3: 1, 4: 0}",0
129,False,"{'a': 0.7450000000000006, 'e': 0.3824910594406863}",25,0,-105.0068125404962,"{0: 16, 1: 0, 2: 8, 3: 0, 4: 1}",0
130,False,"{'a': 0.7500000000000006, 'e': 0.3771923535631566}",25,0,-74.62315846244988,"{0: 18, 1: 1, 2: 5, 3: 0, 4: 1}",0
131,False,"{'a': 0.7550000000000006, 'e': 0.37192985660560757}",25,0,-79.62951316128638,"{0: 18, 1: 2, 2: 3, 3: 1, 4: 1}",0
132,False,"{'a': 0.7600000000000006, 'e': 0.36670410849492624}",20,0,-84.59871177400557,"{0: 11, 1: 4, 2: 4, 3: 0, 4: 1}",0
133,False,"{'a': 0.7650000000000006, 'e': 0.36151563065198083}",20,0,-62.6107432762889,"{0: 15, 1: 0, 2: 4, 3: 0, 4: 1}",0
134,False,"{'a': 0.7700000000000006, 'e': 0.356364926044544}",20,2,-39.43616497191654,"{0: 14, 1: 1, 2: 2, 3: 0, 4: 1}",1
135,False,"{'a': 0.7750000000000006, 'e': 0.3512524792486307}",30,7,-52.43710598386933,"{0: 15, 1: 0, 2: 8, 3: 0, 4: 0}",1
136,False,"{'a': 0.7800000000000006, 'e': 0.3461787565180941}",30,13,15.866376350561579,"{0: 16, 1: 0, 2: 1, 3: 0, 4: 0}",1
137,False,"{'a': 0.7850000000000006, 'e': 0.34114420586232275}",20,3,27.38348094649524,"{0: 17, 1: 0, 2: 0, 3: 0, 4: 0}",1
138,False,"{'a': 0.7900000000000006, 'e': 0.3361492571318734}",20,2,26.32931108989448,"{0: 18, 1: 0, 2: 0, 3: 0, 4: 0}",1
139,False,"{'a': 0.7950000000000006, 'e': 0.33119432211187533}",30,15,26.124143012769153,"{0: 15, 1: 0, 2: 0, 3: 0, 4: 0}",1
140,False,"{'a': 0.8000000000000006, 'e': 0.32627979462303924}",25,1,40.905926785658295,"{0: 24, 1: 0, 2: 0, 3: 0, 4: 0}",1
141,False,"{'a': 0.8050000000000006, 'e': 0.32140605063009525}",30,18,24.509841052608273,"{0: 12, 1: 0, 2: 0, 3: 0, 4: 0}",1
142,False,"{'a': 0.8100000000000006, 'e': 0.3165734483574903}",20,16,7.3103330048799915,"{0: 4, 1: 0, 2: 0, 3: 0, 4: 0}",1
143,False,"{'a': 0.8150000000000006, 'e': 0.3117823284121645}",20,15,9.456866725147815,"{0: 5, 1: 0, 2: 0, 3: 0, 4: 0}",1
144,False,"{'a': 0.8200000000000006, 'e': 0.3070330139132305}",20,0,30.41973311380142,"{0: 20, 1: 0, 2: 0, 3: 0, 4: 0}",0
145,False,"{'a': 0.8250000000000006, 'e': 0.30232581062837355}",30,20,20.565534317776866,"{0: 10, 1: 0, 2: 0, 3: 0, 4: 0}",1
146,False,"{'a': 0.8300000000000006, 'e': 0.29766100711678856}",20,0,31.581011800671106,"{0: 20, 1: 0, 2: 0, 3: 0, 4: 0}",1
147,False,"{'a': 0.8350000000000006, 'e': 0.2930388748784725}",20,0,31.0402662620208,"{0: 20, 1: 0, 2: 0, 3: 0, 4: 0}",0
148,False,"{'a': 0.8400000000000006, 'e': 0.2884596685096811}",25,9,28.244053517573725,"{0: 16, 1: 0, 2: 0, 3: 0, 4: 0}",1
149,False,"{'a': 0.8450000000000006, 'e': 0.283923625864367}",20,13,14.601937464725609,"{0: 7, 1: 0, 2: 0, 3: 0, 4: 0}",1
150,False,"{'a': 0.8500000000000006, 'e': 0.2794309682214071}",25,8,31.850092187591265,"{0: 17, 1: 0, 2: 0, 3: 0, 4: 0}",1
151,False,"{'a': 0.8550000000000006, 'e': 0.2749819004574308}",30,17,23.20194579202378,"{0: 13, 1: 0, 2: 0, 3: 0, 4: 0}",1
152,False,"{'a': 0.8600000000000007, 'e': 0.2705766112250578}",25,2,38.216261892185436,"{0: 23, 1: 0, 2: 0, 3: 0, 4: 0}",1
153,False,"{'a': 0.8650000000000007, 'e': 0.2662152731363522}",25,8,31.039942697074288,"{0: 17, 1: 0, 2: 0, 3: 0, 4: 0}",1
154,False,"{'a': 0.8700000000000007, 'e': 0.2618980429513043}",35,12,46.76086138865905,"{0: 23, 1: 0, 2: 0, 3: 0, 4: 0}",1
155,False,"{'a': 0.8750000000000007, 'e': 0.25762506177114347}",25,13,18.89153775964125,"{0: 12, 1: 0, 2: 0, 3: 0, 4: 0}",1
156,False,"{'a': 0.8800000000000007, 'e': 0.2533964552362914}",25,6,37.40338465949913,"{0: 19, 1: 0, 2: 0, 3: 0, 4: 0}",1
157,False,"{'a': 0.8850000000000007, 'e': 0.24921233372876272}",20,8,-4.828397695594208,"{0: 11, 1: 0, 2: 0, 3: 1, 4: 0}",1
158,False,"{'a': 0.8900000000000007, 'e': 0.24507279257881873}",25,3,40.251866235444666,"{0: 22, 1: 0, 2: 0, 3: 0, 4: 0}",1
159,False,"{'a': 0.8950000000000007, 'e': 0.24097791227568216}",25,0,40.82081849143324,"{0: 25, 1: 0, 2: 0, 3: 0, 4: 0}",0
160,False,"{'a': 0.9000000000000007, 'e': 0.23692775868212151}",25,13,23.010916197925706,"{0: 12, 1: 0, 2: 0, 3: 0, 4: 0}",1
161,False,"{'a': 0.9050000000000007, 'e': 0.2329223832527111}",20,16,7.4479909024524495,"{0: 4, 1: 0, 2: 0, 3: 0, 4: 0}",1
162,False,"{'a': 0.9100000000000007, 'e': 0.22896182325557735}",25,6,34.86969650755542,"{0: 19, 1: 0, 2: 0, 3: 0, 4: 0}",1
163,False,"{'a': 0.9150000000000007, 'e': 0.22504610199743916}",25,11,23.484930445280185,"{0: 14, 1: 0, 2: 0, 3: 0, 4: 0}",1
164,False,"{'a': 0.9200000000000007, 'e': 0.22117522905175452}",25,3,39.78291515381322,"{0: 22, 1: 0, 2: 0, 3: 0, 4: 0}",1
165,False,"{'a': 0.9250000000000007, 'e': 0.21734920048978373}",25,5,31.77194277172774,"{0: 20, 1: 0, 2: 0, 3: 0, 4: 0}",1
166,False,"{'a': 0.9300000000000007, 'e': 0.21356799911438196}",20,16,9.320044357544978,"{0: 4, 1: 0, 2: 0, 3: 0, 4: 0}",1
167,False,"{'a': 0.9350000000000007, 'e': 0.2098315946963359}",35,13,25.940459970429906,"{0: 21, 1: 0, 2: 0, 3: 1, 4: 0}",1
168,False,"{'a': 0.9400000000000007, 'e': 0.2061399442130586}",20,12,15.08115428195602,"{0: 8, 1: 0, 2: 0, 3: 0, 4: 0}",1
169,False,"{'a': 0.9450000000000007, 'e': 0.2024929920894613}",25,16,18.332698706114314,"{0: 9, 1: 0, 2: 0, 3: 0, 4: 0}",1
170,False,"{'a': 0.9500000000000007, 'e': 0.1988906704408194}",20,6,26.530867517649796,"{0: 14, 1: 0, 2: 0, 3: 0, 4: 0}",1
171,False,"{'a': 0.9550000000000007, 'e': 0.19533289931745362}",25,17,12.323205056661354,"{0: 8, 1: 0, 2: 0, 3: 0, 4: 0}",1
172,False,"{'a': 0.9600000000000007, 'e': 0.19181958695104936}",20,12,17.108454030140365,"{0: 8, 1: 0, 2: 0, 3: 0, 4: 0}",1
173,False,"{'a': 0.9650000000000007, 'e': 0.18835063000243718}",25,15,17.946545652599696,"{0: 10, 1: 0, 2: 0, 3: 0, 4: 0}",1
174,False,"{'a': 0.9700000000000008, 'e': 0.1849259138106625}",25,0,42.0092496851384,"{0: 25, 1: 0, 2: 0, 3: 0, 4: 0}",1
175,False,"{'a': 0.9750000000000008, 'e': 0.18154531264317258}",20,14,12.445253242211836,"{0: 6, 1: 0, 2: 0, 3: 0, 4: 0}",1
176,False,"{'a': 0.9800000000000008, 'e': 0.17820868994695135}",20,0,34.4142648003314,"{0: 20, 1: 0, 2: 0, 3: 0, 4: 0}",0
177,False,"{'a': 0.9850000000000008, 'e': 0.17491589860043685}",25,8,31.86664516800795,"{0: 17, 1: 0, 2: 0, 3: 0, 4: 0}",1
178,False,"{'a': 0.9900000000000008, 'e': 0.1716667811660556}",25,2,34.218601687159236,"{0: 23, 1: 0, 2: 0, 3: 0, 4: 0}",1
179,False,"{'a': 0.9950000000000008, 'e': 0.16846117014321385}",25,10,25.085711972093367,"{0: 15, 1: 0, 2: 0, 3: 0, 4: 0}",1
180,False,"{'a': 1, 'e': 0.16529888822158653}",25,15,15.049564094876716,"{0: 10, 1: 0, 2: 0, 3: 0, 4: 0}",1
181,False,"{'a': 1, 'e': 0.16365413680270405}",25,13,0.29149153604910305,"{0: 11, 1: 0, 2: 0, 3: 1, 4: 0}",1
182,False,"{'a': 1, 'e': 0.16202575093388075}",30,15,30.36229769910587,"{0: 15, 1: 0, 2: 0, 3: 0, 4: 0}",1
183,False,"{'a': 1, 'e': 0.16041356777517274}",20,4,30.826390341561527,"{0: 16, 1: 0, 2: 0, 3: 0, 4: 0}",1
184,False,"{'a': 1, 'e': 0.15881742610692068}",20,10,20.714447943299643,"{0: 10, 1: 0, 2: 0, 3: 0, 4: 0}",1
185,False,"{'a': 1, 'e': 0.1572371663136276}",20,16,8.841603518791478,"{0: 4, 1: 0, 2: 0, 3: 0, 4: 0}",1
186,False,"{'a': 1, 'e': 0.1556726303679973}",25,15,20.56497517598228,"{0: 10, 1: 0, 2: 0, 3: 0, 4: 0}",1
187,False,"{'a': 1, 'e': 0.1541236618151314}",20,3,24.831857393217184,"{0: 17, 1: 0, 2: 0, 3: 0, 4: 0}",1
188,False,"{'a': 1, 'e': 0.15259010575688386}",25,15,20.236783208682454,"{0: 10, 1: 0, 2: 0, 3: 0, 4: 0}",1
189,False,"{'a': 1, 'e': 0.15107180883637084}",30,3,44.29405288235294,"{0: 27, 1: 0, 2: 0, 3: 0, 4: 0}",1
190,False,"{'a': 1, 'e': 0.14956861922263504}",20,14,11.283424198195787,"{0: 6, 1: 0, 2: 0, 3: 0, 4: 0}",1
191,False,"{'a': 1, 'e': 0.14808038659546244}",25,10,29.205407224820288,"{0: 15, 1: 0, 2: 0, 3: 0, 4: 0}",1
192,False,"{'a': 1, 'e': 0.14660696213035015}",20,6,28.088279970009413,"{0: 14, 1: 0, 2: 0, 3: 0, 4: 0}",1
193,False,"{'a': 1, 'e': 0.14514819848362373}",30,23,14.28988115701878,"{0: 7, 1: 0, 2: 0, 3: 0, 4: 0}",1
194,False,"{'a': 1, 'e': 0.14370394977770293}",25,5,35.64847244028698,"{0: 20, 1: 0, 2: 0, 3: 0, 4: 0}",1
195,False,"{'a': 1, 'e': 0.1422740715865136}",20,5,29.75122219552952,"{0: 15, 1: 0, 2: 0, 3: 0, 4: 0}",1
196,False,"{'a': 1, 'e': 0.140858420921045}",30,20,20.51986547868334,"{0: 10, 1: 0, 2: 0, 3: 0, 4: 0}",1
197,False,"{'a': 1, 'e': 0.13945685621505094}",25,13,22.044726124932502,"{0: 12, 1: 0, 2: 0, 3: 0, 4: 0}",1
198,False,"{'a': 1, 'e': 0.13806923731089282}",20,6,24.674640518031477,"{0: 14, 1: 0, 2: 0, 3: 0, 4: 0}",1
199,False,"{'a': 1, 'e': 0.13669542544552385}",25,2,38.06560098856107,"{0: 23, 1: 0, 2: 0, 3: 0, 4: 0}",1
200,False,"{'a': 1, 'e': 0.1353352832366127}",25,11,27.562380942524868,"{0: 14, 1: 0, 2: 0, 3: 0, 4: 0}",1
201,False,"{'a': 1, 'e': 0.13398867466880493}",25,11,29.660673792183086,"{0: 14, 1: 0, 2: 0, 3: 0, 4: 0}",1
202,False,"{'a': 1, 'e': 0.13265546508012172}",35,24,24.479723924648255,"{0: 11, 1: 0, 2: 0, 3: 0, 4: 0}",1
203,False,"{'a': 1, 'e': 0.13133552114849303}",20,14,10.859209619837305,"{0: 6, 1: 0, 2: 0, 3: 0, 4: 0}",1
204,False,"{'a': 1, 'e': 0.1300287108784259}",25,15,19.9597837920703,"{0: 10, 1: 0, 2: 0, 3: 0, 4: 0}",1
205,False,"{'a': 1, 'e': 0.12873490358780423}",25,14,21.366252434859415,"{0: 11, 1: 0, 2: 0, 3: 0, 4: 0}",1
206,False,"{'a': 1, 'e': 0.12745396989482075}",20,14,11.625735123137142,"{0: 6, 1: 0, 2: 0, 3: 0, 4: 0}",1
207,False,"{'a': 1, 'e': 0.12618578170503877}",25,20,9.398638661367176,"{0: 5, 1: 0, 2: 0, 3: 0, 4: 0}",1
208,False,"{'a': 1, 'e': 0.12493021219858241}",25,12,26.97699060671633,"{0: 13, 1: 0, 2: 0, 3: 0, 4: 0}",1
209,False,"{'a': 1, 'e': 0.12368713581745483}",20,16,8.970995665849763,"{0: 4, 1: 0, 2: 0, 3: 0, 4: 0}",1
210,False,"{'a': 1, 'e': 0.1224564282529819}",20,11,19.808637252890573,"{0: 9, 1: 0, 2: 0, 3: 0, 4: 0}",1
211,False,"{'a': 1, 'e': 0.12123796643338168}",20,8,19.045175055556523,"{0: 12, 1: 0, 2: 0, 3: 0, 4: 0}",1
212,False,"{'a': 1, 'e': 0.12003162851145673}",30,16,24.56490793022236,"{0: 14, 1: 0, 2: 0, 3: 0, 4: 0}",1
213,False,"{'a': 1, 'e': 0.11883729385240965}",20,16,9.686954631793018,"{0: 4, 1: 0, 2: 0, 3: 0, 4: 0}",1
214,False,"{'a': 1, 'e': 0.11765484302177918}",20,5,27.74101379391136,"{0: 15, 1: 0, 2: 0, 3: 0, 4: 0}",1
215,False,"{'a': 1, 'e': 0.11648415777349697}",25,5,35.058383586753926,"{0: 20, 1: 0, 2: 0, 3: 0, 4: 0}",1
216,False,"{'a': 1, 'e': 0.11532512103806251}",25,12,24.396694818066,"{0: 13, 1: 0, 2: 0, 3: 0, 4: 0}",1
217,False,"{'a': 1, 'e': 0.1141776169108365}",20,13,13.856304128765155,"{0: 7, 1: 0, 2: 0, 3: 0, 4: 0}",1
218,False,"{'a': 1, 'e': 0.11304153064044985}",25,12,26.662281655867545,"{0: 13, 1: 0, 2: 0, 3: 0, 4: 0}",1
219,False,"{'a': 1, 'e': 0.11191674861732888}",25,10,28.087158207728272,"{0: 15, 1: 0, 2: 0, 3: 0, 4: 0}",1
220,False,"{'a': 1, 'e': 0.11080315836233387}",20,0,33.54042883980662,"{0: 20, 1: 0, 2: 0, 3: 0, 4: 0}",0
221,False,"{'a': 1, 'e': 0.10970064851551141}",25,12,19.34711793668643,"{0: 12, 1: 1, 2: 0, 3: 0, 4: 0}",1
222,False,"{'a': 1, 'e': 0.10860910882495796}",20,8,20.884189387102378,"{0: 12, 1: 0, 2: 0, 3: 0, 4: 0}",1
223,False,"{'a': 1, 'e': 0.10752843013579495}",30,7,39.20450293785818,"{0: 23, 1: 0, 2: 0, 3: 0, 4: 0}",1
224,False,"{'a': 1, 'e': 0.1064585043792528}",20,9,20.18717968768417,"{0: 11, 1: 0, 2: 0, 3: 0, 4: 0}",1
225,False,"{'a': 1, 'e': 0.10539922456186433}",25,18,13.760908258434236,"{0: 7, 1: 0, 2: 0, 3: 0, 4: 0}",1
226,False,"{'a': 1, 'e': 0.104350484754765}",25,15,16.325496632857377,"{0: 10, 1: 0, 2: 0, 3: 0, 4: 0}",1
227,False,"{'a': 1, 'e': 0.1033121800831002}",20,13,14.331896856906184,"{0: 7, 1: 0, 2: 0, 3: 0, 4: 0}",1
228,False,"{'a': 1, 'e': 0.10228420671553744}",30,0,46.31224060250755,"{0: 30, 1: 0, 2: 0, 3: 0, 4: 0}",1
229,False,"{'a': 1, 'e': 0.1012664618538834}",25,11,24.59138127407852,"{0: 14, 1: 0, 2: 0, 3: 0, 4: 0}",1
230,False,"{'a': 1, 'e': 0.1002588437228037}",25,13,23.89030828710939,"{0: 12, 1: 0, 2: 0, 3: 0, 4: 0}",1
231,False,"{'a': 1, 'e': 0.09926125155964566}",20,13,10.216402525763202,"{0: 7, 1: 0, 2: 0, 3: 0, 4: 0}",1
232,False,"{'a': 1, 'e': 0.09827358560436154}",35,21,27.367380523089427,"{0: 14, 1: 0, 2: 0, 3: 0, 4: 0}",1
233,False,"{'a': 1, 'e': 0.09729574708953276}",30,11,35.99735468497497,"{0: 19, 1: 0, 2: 0, 3: 0, 4: 0}",1
234,False,"{'a': 1, 'e': 0.09632763823049303}",20,2,31.518992001124197,"{0: 18, 1: 0, 2: 0, 3: 0, 4: 0}",1
235,False,"{'a': 1, 'e': 0.09536916221554961}",20,0,29.918705117812557,"{0: 20, 1: 0, 2: 0, 3: 0, 4: 0}",0
236,False,"{'a': 1, 'e': 0.09442022319630235}",20,10,18.64225650167911,"{0: 10, 1: 0, 2: 0, 3: 0, 4: 0}",1
237,False,"{'a': 1, 'e': 0.09348072627805847}",20,10,18.722213318195998,"{0: 10, 1: 0, 2: 0, 3: 0, 4: 0}",1
238,False,"{'a': 1, 'e': 0.09255057751034329}",25,9,29.24240102978414,"{0: 16, 1: 0, 2: 0, 3: 0, 4: 0}",1
239,False,"{'a': 1, 'e': 0.09162968387750484}",20,10,18.688384113431148,"{0: 10, 1: 0, 2: 0, 3: 0, 4: 0}",1
240,False,"{'a': 1, 'e': 0.09071795328941251}",25,11,27.280226716286073,"{0: 14, 1: 0, 2: 0, 3: 0, 4: 0}",1
241,False,"{'a': 1, 'e': 0.08981529457224763}",30,12,34.78200336585712,"{0: 18, 1: 0, 2: 0, 3: 0, 4: 0}",1
242,False,"{'a': 1, 'e': 0.08892161745938634}",20,12,15.432759043605971,"{0: 8, 1: 0, 2: 0, 3: 0, 4: 0}",1
243,False,"{'a': 1, 'e': 0.08803683258237255}",20,16,8.248747566408296,"{0: 4, 1: 0, 2: 0, 3: 0, 4: 0}",1
244,False,"{'a': 1, 'e': 0.0871608514619813}",25,19,12.814629435096231,"{0: 6, 1: 0, 2: 0, 3: 0, 4: 0}",1
245,False,"{'a': 1, 'e': 0.0862935864993705}",30,17,25.934975091216533,"{0: 13, 1: 0, 2: 0, 3: 0, 4: 0}",1
246,False,"{'a': 1, 'e': 0.08543495096732123}",25,11,24.32059830452821,"{0: 14, 1: 0, 2: 0, 3: 0, 4: 0}",1
247,False,"{'a': 1, 'e': 0.08458485900156469}",20,3,34.60039848595917,"{0: 17, 1: 0, 2: 0, 3: 0, 4: 0}",1
248,False,"{'a': 1, 'e': 0.08374322559219596}",25,5,37.22775385575929,"{0: 20, 1: 0, 2: 0, 3: 0, 4: 0}",1
249,False,"{'a': 1, 'e': 0.08290996657517266}",25,10,28.704045100307237,"{0: 15, 1: 0, 2: 0, 3: 0, 4: 0}",1
250,False,"{'a': 1, 'e': 0.0820849986238988}",20,8,22.253522640506425,"{0: 12, 1: 0, 2: 0, 3: 0, 4: 0}",1
251,False,"{'a': 1, 'e': 0.08126823924089167}",25,11,26.818609573661618,"{0: 14, 1: 0, 2: 0, 3: 0, 4: 0}",1
252,False,"{'a': 1, 'e': 0.08045960674953244}",20,10,22.0187592742101,"{0: 10, 1: 0, 2: 0, 3: 0, 4: 0}",1
253,False,"{'a': 1, 'e': 0.07965902028589801}",20,5,26.100251715950577,"{0: 15, 1: 0, 2: 0, 3: 0, 4: 0}",1
254,False,"{'a': 1, 'e': 0.07886639979067495}",30,18,20.255628622288015,"{0: 12, 1: 0, 2: 0, 3: 0, 4: 0}",1
255,False,"{'a': 1, 'e': 0.07808166600115313}",25,0,34.372988924569,"{0: 25, 1: 0, 2: 0, 3: 0, 4: 0}",0
256,False,"{'a': 1, 'e': 0.07730474044329974}",20,3,30.75491828212537,"{0: 17, 1: 0, 2: 0, 3: 0, 4: 0}",1
257,False,"{'a': 1, 'e': 0.07653554542391151}",25,15,16.43038466403157,"{0: 10, 1: 0, 2: 0, 3: 0, 4: 0}",1
258,False,"{'a': 1, 'e': 0.07577400402284548}",20,8,21.750607119996285,"{0: 12, 1: 0, 2: 0, 3: 0, 4: 0}",1
259,False,"{'a': 1, 'e': 0.07502004008532698}",25,16,16.555217568326334,"{0: 9, 1: 0, 2: 0, 3: 0, 4: 0}",1
260,False,"{'a': 1, 'e': 0.07427357821433388}",30,8,42.39765690352519,"{0: 22, 1: 0, 2: 0, 3: 0, 4: 0}",1
261,False,"{'a': 1, 'e': 0.0735345437630571}",25,13,22.475560766493402,"{0: 12, 1: 0, 2: 0, 3: 0, 4: 0}",1
262,False,"{'a': 1, 'e': 0.07280286282743559}",20,0,31.741155202262945,"{0: 20, 1: 0, 2: 0, 3: 0, 4: 0}",0
263,False,"{'a': 1, 'e': 0.0720784622387661}",25,12,20.65285077855668,"{0: 13, 1: 0, 2: 0, 3: 0, 4: 0}",1
264,False,"{'a': 1, 'e': 0.07136126955638605}",25,19,9.112246260185184,"{0: 6, 1: 0, 2: 0, 3: 0, 4: 0}",1
265,False,"{'a': 1, 'e': 0.0706512130604296}",25,11,23.205276596685074,"{0: 14, 1: 0, 2: 0, 3: 0, 4: 0}",1
266,False,"{'a': 1, 'e': 0.06994822174465536}",20,16,8.022836336946284,"{0: 4, 1: 0, 2: 0, 3: 0, 4: 0}",1
267,False,"{'a': 1, 'e': 0.069252225309346}",25,13,22.06903323448547,"{0: 12, 1: 0, 2: 0, 3: 0, 4: 0}",1
268,False,"{'a': 1, 'e': 0.06856315415427791}",30,16,28.89467340086093,"{0: 14, 1: 0, 2: 0, 3: 0, 4: 0}",1
269,False,"{'a': 1, 'e': 0.06788093937176144}",20,10,14.852407329704835,"{0: 10, 1: 0, 2: 0, 3: 0, 4: 0}",1
270,False,"{'a': 1, 'e': 0.06720551273974976}",35,17,33.59058129237665,"{0: 18, 1: 0, 2: 0, 3: 0, 4: 0}",1
271,False,"{'a': 1, 'e': 0.06653680671501686}",20,8,23.866625700582365,"{0: 12, 1: 0, 2: 0, 3: 0, 4: 0}",1
272,False,"{'a': 1, 'e': 0.06587475442640295}",20,5,26.33382683068765,"{0: 15, 1: 0, 2: 0, 3: 0, 4: 0}",1
273,False,"{'a': 1, 'e': 0.06521928966812753}",20,8,24.496587168861076,"{0: 12, 1: 0, 2: 0, 3: 0, 4: 0}",1
274,False,"{'a': 1, 'e': 0.06457034689316847}",25,0,41.57179357170002,"{0: 25, 1: 0, 2: 0, 3: 0, 4: 0}",0
275,False,"{'a': 1, 'e': 0.06392786120670757}",30,6,45.72464554967092,"{0: 24, 1: 0, 2: 0, 3: 0, 4: 0}",1
276,False,"{'a': 1, 'e': 0.0632917683596407}",25,13,23.25276186817966,"{0: 12, 1: 0, 2: 0, 3: 0, 4: 0}",1
277,False,"{'a': 1, 'e': 0.06266200474215315}",25,14,17.09445717404636,"{0: 11, 1: 0, 2: 0, 3: 0, 4: 0}",1
278,False,"{'a': 1, 'e': 0.06203850737735829}",20,6,28.746492641364096,"{0: 14, 1: 0, 2: 0, 3: 0, 4: 0}",1
279,False,"{'a': 1, 'e': 0.06142121391500013}",25,15,17.070666149161205,"{0: 10, 1: 0, 2: 0, 3: 0, 4: 0}",1
280,False,"{'a': 1, 'e': 0.06081006262521795}",25,9,32.98515781888254,"{0: 16, 1: 0, 2: 0, 3: 0, 4: 0}",1
281,False,"{'a': 1, 'e': 0.06020499239237354}",25,14,20.069214408371312,"{0: 11, 1: 0, 2: 0, 3: 0, 4: 0}",1
282,False,"{'a': 1, 'e': 0.05960594270893937}",20,11,17.68584126115041,"{0: 9, 1: 0, 2: 0, 3: 0, 4: 0}",1
283,False,"{'a': 1, 'e': 0.05901285366944784}",25,19,12.094131689474704,"{0: 6, 1: 0, 2: 0, 3: 0, 4: 0}",1
284,False,"{'a': 1, 'e': 0.05842566596450083}",20,9,18.103577544349307,"{0: 11, 1: 0, 2: 0, 3: 0, 4: 0}",1
285,False,"{'a': 1, 'e': 0.057844320874838456}",25,3,35.6731593214025,"{0: 22, 1: 0, 2: 0, 3: 0, 4: 0}",1
286,False,"{'a': 1, 'e': 0.05726876026546736}",20,0,29.935723490555915,"{0: 20, 1: 0, 2: 0, 3: 0, 4: 0}",0
287,False,"{'a': 1, 'e': 0.0566989265798469}",20,6,26.895216613315384,"{0: 14, 1: 0, 2: 0, 3: 0, 4: 0}",1
288,False,"{'a': 1, 'e': 0.056134762834133725}",20,4,28.69174578626823,"{0: 16, 1: 0, 2: 0, 3: 0, 4: 0}",1
289,False,"{'a': 1, 'e': 0.05557621261148306}",25,7,6.444793250928079,"{0: 17, 1: 0, 2: 0, 3: 1, 4: 0}",1
290,False,"{'a': 1, 'e': 0.05502322005640723}",30,18,23.922796132888465,"{0: 12, 1: 0, 2: 0, 3: 0, 4: 0}",1
291,False,"{'a': 1, 'e': 0.05447572986918986}",25,15,19.90919226853385,"{0: 10, 1: 0, 2: 0, 3: 0, 4: 0}",1
292,False,"{'a': 1, 'e': 0.05393368730035602}",20,16,7.48865629833829,"{0: 4, 1: 0, 2: 0, 3: 0, 4: 0}",1
293,False,"{'a': 1, 'e': 0.053397038145197084}",30,18,23.39971686344822,"{0: 12, 1: 0, 2: 0, 3: 0, 4: 0}",1
294,False,"{'a': 1, 'e': 0.05286572873835037}",20,16,8.762023330339051,"{0: 4, 1: 0, 2: 0, 3: 0, 4: 0}",1
295,False,"{'a': 1, 'e': 0.05233970594843238}",20,16,7.54837178507071,"{0: 4, 1: 0, 2: 0, 3: 0, 4: 0}",1
296,False,"{'a': 1, 'e': 0.05181891717272583}",25,8,30.810311727378078,"{0: 17, 1: 0, 2: 0, 3: 0, 4: 0}",1
297,False,"{'a': 1, 'e': 0.05130331033191911}",30,4,44.96895798638464,"{0: 26, 1: 0, 2: 0, 3: 0, 4: 0}",1
298,False,"{'a': 1, 'e': 0.0507928338648985}",25,11,28.42032753905633,"{0: 14, 1: 0, 2: 0, 3: 0, 4: 0}",1
299,False,"{'a': 1, 'e': 0.050287436723591865}",30,7,44.515999419259174,"{0: 23, 1: 0, 2: 0, 3: 0, 4: 0}",1
300,False,"{'a': 1, 'e': 0.049787068367863944}",20,14,12.277096527468412,"{0: 6, 1: 0, 2: 0, 3: 0, 4: 0}",1
1,True,"{'a': 0, 'e': 0}",25,14,24.89051092046697,"{0: 11, 1: 0, 2: 0, 3: 0, 4: 0}",1
2,True,"{'a': 0, 'e': 0}",25,14,20.415770713131025,"{0: 11, 1: 0, 2: 0, 3: 0, 4: 0}",1
3,True,"{'a': 0, 'e': 0}",20,12,14.177521023168243,"{0: 8, 1: 0, 2: 0, 3: 0, 4: 0}",1
4,True,"{'a': 0, 'e': 0}",25,14,22.039389032108573,"{0: 11, 1: 0, 2: 0, 3: 0, 4: 0}",1
5,True,"{'a': 0, 'e': 0}",25,16,20.93301331421318,"{0: 9, 1: 0, 2: 0, 3: 0, 4: 0}",1
6,True,"{'a': 0, 'e': 0}",20,6,27.666987380601725,"{0: 14, 1: 0, 2: 0, 3: 0, 4: 0}",1
7,True,"{'a': 0, 'e': 0}",20,7,27.567744652138312,"{0: 13, 1: 0, 2: 0, 3: 0, 4: 0}",1
8,True,"{'a': 0, 'e': 0}",25,8,29.667576886037153,"{0: 17, 1: 0, 2: 0, 3: 0, 4: 0}",1
9,True,"{'a': 0, 'e': 0}",25,18,11.772532286285244,"{0: 7, 1: 0, 2: 0, 3: 0, 4: 0}",1
10,True,"{'a': 0, 'e': 0}",20,6,23.148674388500456,"{0: 14, 1: 0, 2: 0, 3: 0, 4: 0}",1
